WKT,Id,Nama Kabupaten/Kota,Latitude,Longitude
"POINT (106.8653133 -6.5121872)",1.0,Kabupaten Bogor,-6.5121872,106.8653133
"POINT (106.6831029 -7.0568226)",2.0,Kabupaten Sukabumi,-7.0568226,106.6831029
"POINT (107.1403761 -6.820719)",3.0,Kabupaten Cianjur,-6.820719,107.1403761
"POINT (107.568461 -7.112255)",4.0,Kabupaten Bandung,-7.112255,107.568461
"POINT (107.908699 -7.227906)",5.0,Kabupaten Garut,-7.227906,107.908699
"POINT (108.041695 -7.361522)",6.0,Kabupaten Tasikmalaya,-7.361522,108.041695
"POINT (108.353344 -7.327435)",7.0,Kabupaten Ciamis,-7.327435,108.353344
"POINT (108.483258 -6.975494)",8.0,Kabupaten Kuningan,-6.975494,108.483258
"POINT (108.472917 -6.757041)",9.0,Kabupaten Cirebon,-6.757041,108.472917
"POINT (108.225916 -6.837854)",10.0,Kabupaten Majalengka,-6.837854,108.225916
"POINT (107.925574 -6.83733)",11.0,Kabupaten Sumedang,-6.83733,107.925574
"POINT (108.156557 -6.42533)",12.0,Kabupaten Indramayu,-6.42533,108.156557
"POINT (107.75549 -6.551105)",13.0,Kabupaten Subang,-6.551105,107.75549
"POINT (107.447545 -6.581566)",14.0,Kabupaten Purwakarta,-6.581566,107.447545
"POINT (107.318856 -6.287841)",15.0,Kabupaten Karawang,-6.287841,107.318856
"POINT (107.170669 -6.368731)",16.0,Kabupaten Bekasi,-6.368731,107.170669
"POINT (107.5078047 -6.8830313)",17.0,Kabupaten Bandung Barat,-6.8830313,107.5078047
"POINT (108.647702 -7.632952)",18.0,Kabupaten Pangandaran,-7.632952,108.647702
"POINT (106.8004757 -6.6012396)",19.0,Kota Bogor,-6.6012396,106.8004757
"POINT (106.92873 -6.9237)",20.0,Kota Sukabumi,-6.9237,106.92873
"POINT (107.619123 -6.917464)",21.0,Kota Bandung,-6.917464,107.619123
"POINT (108.552316 -6.732023)",22.0,Kota Cirebon,-6.732023,108.552316
"POINT (106.975573 -6.23827)",23.0,Kota Bekasi,-6.23827,106.975573
"POINT (106.7938977 -6.4052135)",24.0,Kota Depok,-6.4052135,106.7938977
"POINT (107.545802 -6.885834)",25.0,Kota Cimahi,-6.885834,107.545802
"POINT (108.220556 -7.327402)",26.0,Kota Tasikmalaya,-7.327402,108.220556
"POINT (108.536952 -7.368067)",27.0,Kota Banjar,-7.368067,108.536952
